epoch,global_step_end,train_loss,val_loss,mean_dice,mean_iou,pixel_acc,pixel_precision,pixel_recall
1,117,0.717046423854991,0.6471199015776317,0.5663905274604117,0.5109828536677695,0.9551415832257578,0.6496856770231029,0.7648192178792076
2,234,0.6029580913038335,0.5747398634751638,0.5124104067443263,0.46002672533774597,0.9522721450216268,0.6036656691885133,0.9055102031169494
3,351,0.5149655120495038,0.5535924265782038,0.5412507286012848,0.48839038088690706,0.9564765635478139,0.6221570166330178,0.9465410559056123
4,468,0.45656414088020975,0.5221930861473083,0.5957948738542516,0.5433042425042007,0.9671690453787218,0.7047222541081315,0.9054241726659513
5,585,0.4168659868912819,0.49729071656862894,0.7220251835553809,0.6710763801722092,0.9732720370968012,0.7632386812132371,0.8903461543915709
